{
  "feat_mean": [
    0.0002924937871284783,
    0.13501155376434326,
    0.9974023103713989,
    0.637919545173645,
    0.637919545173645
  ],
  "feat_std": [
    0.010744346305727959,
    0.09968020766973495,
    0.03695615753531456,
    0.38514891266822815,
    0.38514891266822815
  ],
  "label_mean": [
    -0.035276759415864944,
    0.12776385247707367,
    -0.6715599298477173,
    0.08802876621484756,
    0.15879537165164948
  ],
  "label_std": [
    0.1083700880408287,
    0.21438968181610107,
    0.4343256652355194,
    0.4267862141132355,
    0.3566943407058716
  ],
  "window_size": 30,
  "num_features": 5
}